Trek Name,Country,Distance,Days,Max Alt.,Best Time to Go,Permits / Booking,Hero Image URL
Everest Base Camp,Nepal,130 km,12–14,"5,364 m",Mar–May / Sep–Nov,Mandatory. Local & National Park permits.,http://googleusercontent.com/image_collection/image_retrieval/11760600305116139733
Annapurna Circuit,Nepal,230 km,12–21,"5,416 m",Mar–May / Sep–Nov,Mandatory. ACAP & TIMS cards required.,http://googleusercontent.com/image_collection/image_retrieval/14173507341670243332
Snowman Trek,Bhutan,350 km,25–30,"5,320 m",Sep–Oct,Extensive. Bhutan Visa & special trek permit.,http://googleusercontent.com/image_collection/image_retrieval/14785892863563243370
Manaslu Circuit,Nepal,177 km,14–18,"5,106 m",Mar–May / Sep–Nov,Restricted. Special permit & guide mandatory.,http://googleusercontent.com/image_collection/image_retrieval/9296366750597166102
Markha Valley,India,75 km,6–8,"5,260 m",Jun–Sep,Mandatory. Inner Line Permit for Ladakh.,http://googleusercontent.com/image_collection/image_retrieval/11714202565193646720
K2 Base Camp,Pakistan,160 km,14–20,"5,150 m",Jul–Aug,Restricted. NOC & licensed guide required.,http://googleusercontent.com/image_collection/image_retrieval/3033585042264722880
Ak-Suu Transverse,Kyrgyzstan,109 km,7–9,"3,900 m",Jul–Aug,No permit needed; border zone ID sometimes.,http://googleusercontent.com/image_collection/image_retrieval/13334834882495266094
Tour du Mont Blanc,FR/IT/CH,170 km,10–11,"2,665 m",Jul–Aug,"No permits, but refuges book 6+ months out.",http://googleusercontent.com/image_collection/image_retrieval/15904073832335254587
GR20,France,180 km,12–15,"2,225 m",Jun–Sep,Mandatory booking for PNRC mountain huts.,http://googleusercontent.com/image_collection/image_retrieval/2812878620092958032
Laugavegur Trail,Iceland,55 km,4,"1,060 m",Jul–Aug,"No permits, but huts book 6–12 months out.",http://googleusercontent.com/image_collection/image_retrieval/87246336504252417
Alta Via 1,Italy,120 km,8–10,"2,752 m",Jul–Sep,No permits; Huts (rifugios) book months out.,http://googleusercontent.com/image_collection/image_retrieval/15764606409933131334
West Highland Way,Scotland,154 km,6–8,550 m,May–Jun / Sep,No permits; Loch Lomond camping permit (Mar–Sep).,http://googleusercontent.com/image_collection/image_retrieval/4890948865405587560
Kungsleden,Sweden,440 km,21–28,"1,150 m",Jul–Sep,No permits; STF hut membership recommended.,http://googleusercontent.com/image_collection/image_retrieval/770399196997205932
Camino de Santiago,Spain,780 km,30–35,"1,500 m",May–Jun / Sep,Pilgrim Passport (Credencial) required.,http://googleusercontent.com/image_collection/image_retrieval/16601689766057062704
Inca Trail,Peru,42 km,4,"4,215 m",May–Sep,Strict Quota. Book 6+ months in advance.,http://googleusercontent.com/image_collection/image_retrieval/5849095439024928955
W Trek,Chile,80 km,4–5,"1,190 m",Nov–Mar,Mandatory campsite/hut booking in advance.,http://googleusercontent.com/image_collection/image_retrieval/17754678324024169707
O Circuit,Chile,130 km,8–10,"1,200 m",Nov–Mar,Mandatory booking; strictly regulated.,http://googleusercontent.com/image_collection/image_retrieval/9918573511709046677
Huayhuash Circuit,Peru,130 km,10–12,"5,000 m",May–Sep,No gov permit; fees paid to local communities.,http://googleusercontent.com/image_collection/image_retrieval/5643639233984947179
Ciudad Perdida,Colombia,44 km,4–5,"1,200 m",Dec–Mar,Guide mandatory. Permit included in tour.,http://googleusercontent.com/image_collection/image_retrieval/11443484881407662731
Fitz Roy Trek,Argentina,60 km,4–5,"1,200 m",Nov–Mar,No permits/fees for Los Glaciares Nat. Park.,http://googleusercontent.com/image_collection/image_retrieval/2812878620092960518
John Muir Trail,USA,340 km,18–22,"4,421 m",Jul–Sep,Strict Lottery. Permit required (very hard).,http://googleusercontent.com/image_collection/image_retrieval/14229354898943411725
Grand Canyon R2R,USA,38 km,2–4,"2,500 m",May / Oct,Backcountry Permit required for camping.,http://googleusercontent.com/image_collection/image_retrieval/16795861669122359648
West Coast Trail,Canada,75 km,6–8,200 m,Jun–Aug,Mandatory reservation (opens in January).,http://googleusercontent.com/image_collection/image_retrieval/4653285106717099445
Kalalau Trail,USA,35 km,2–3,"1,200 m",Year-round,Mandatory Permit. Sells out in minutes.,http://googleusercontent.com/image_collection/image_retrieval/9149418366678761874
Long Range Trav.,Canada,35 km,3–5,800 m,Jul–Aug,Mandatory orientation & backcountry permit.,http://googleusercontent.com/image_collection/image_retrieval/62258354334033788
Mt. Kilimanjaro,Tanzania,70 km,6–8,"5,895 m",Jan–Mar / Jul–Oct,Mandatory guide and park permits.,http://googleusercontent.com/image_collection/image_retrieval/16601689766057063403
Milford Track,NZ,54 km,4,"1,154 m",Nov–Apr,Mandatory Booking. Sells out in minutes.,http://googleusercontent.com/image_collection/image_retrieval/9751037570626207873
Overland Track,Australia,65 km,6,"1,250 m",Oct–May,Booking required for peak season.,http://googleusercontent.com/image_collection/image_retrieval/5844941606420211077
Simien Mountains,Ethiopia,80 km,5–10,"4,430 m",Oct–Mar,Guide and scout mandatory. Park fees.,http://googleusercontent.com/image_collection/image_retrieval/9918573511709046111
Larapinta Trail,Australia,223 km,12–15,"1,380 m",May–Aug,Campsite booking required in Nat. Park.,http://googleusercontent.com/image_collection/image_retrieval/11443484881407661056